order_id,product_name,quantity,unit_price_usd,order_date,country,status
1001, Laptop Stand ,2,35.5,2026-09-01,Australia,COMPLETED
1002,Wireless Mouse,1,24.99,2026-09-02,australia,completed
1003,USB-C Cable,3,12.0,2026-09-03,Australia,PENDING
1004, Keyboard ,1,79.0,2026-09-04,AUSTRALIA,Completed
1005,Webcam,2,89.0,2026-09-05,Australia,completed
1006, Monitor Stand ,1,44.5,2026-09-06,australia,PENDING
1007,Laptop Sleeve,2,29.95,2026-09-07,Australia,Completed
1008,USB Hub,1,39.99,2026-09-08,AUSTRALIA,COMPLETED
1009, HDMI Cable ,3,14.5,2026-09-09,Australia,pending
1010,Mechanical Keyboard,1,119.0,2026-09-10,australia,Completed
1011,Wireless Charger,2,42.0,2026-09-11,Australia,COMPLETED
1012,Desk Mat,1,25.0,2026-09-12,AUSTRALIA,pending
1013,Webcam Cover,4,8.5,2026-09-13,Australia,Completed
1014,USB-C Adapter,2,18.0,2026-09-14,australia,COMPLETED
1015, Laptop Stand ,1,35.5,2026-09-15,Australia,pending
1016,Bluetooth Speaker,1,69.0,2026-09-16,AUSTRALIA,Completed
1017,Portable SSD,2,129.0,2026-09-17,Australia,COMPLETED
1018,Mouse Pad,3,16.5,2026-09-18,australia,pending
1019,USB-C Cable,-1,12.0,2026-09-19,Australia,completed
1020,Headphones,1,95.0,2026-09-20,AUSTRALIA,Completed
1004, Keyboard ,1,79.0,2026-09-04,AUSTRALIA,Completed
