order_id,customer_email,product_name,quantity,unit_price_usd,order_date,country,status
1001,JOHN@example.com, Laptop Stand ,2,35.5,01/09/2026,Australia,COMPLETED
1002,sara@example.com,Wireless Mouse,1,24.99,02/09/2026,australia,completed
1003,,USB-C Cable,3,12.0,03/09/2026,Australia,PENDING
1004,mike@example.com, Keyboard ,1,79.0,04/09/2026,AUSTRALIA,Completed
1005,amy@example.com,Webcam,2,89.0,05/09/2026,Australia,completed
1006,LIAM@example.com, Monitor Stand ,1,44.5,06/09/2026,australia,PENDING
1007,noah@example.com,Laptop Sleeve,2,29.95,07/09/2026,Australia,Completed
1008,olivia@example.com,USB Hub,1,39.99,08/09/2026,AUSTRALIA,COMPLETED
1009,emma@example.com, HDMI Cable ,3,14.5,09/09/2026,Australia,pending
1010,james@example.com,Mechanical Keyboard,1,119.0,10/09/2026,australia,Completed
1011,sophia@example.com,Wireless Charger,2,42.0,11/09/2026,Australia,COMPLETED
1012,ethan@example.com,Desk Mat,1,25.0,12/09/2026,AUSTRALIA,pending
1013,mia@example.com,Webcam Cover,4,8.5,13/09/2026,Australia,Completed
1014,lucas@example.com,USB-C Adapter,2,18.0,14/09/2026,australia,COMPLETED
1015,ava@example.com, Laptop Stand ,1,35.5,15/09/2026,Australia,pending
1016,henry@example.com,Bluetooth Speaker,1,69.0,16/09/2026,AUSTRALIA,Completed
1017,isla@example.com,Portable SSD,2,129.0,17/09/2026,Australia,COMPLETED
1018,leo@example.com,Mouse Pad,3,16.5,18/09/2026,australia,pending
1019,grace@example.com,USB-C Cable,-1,12.0,19/09/2026,Australia,completed
1020,jack@example.com,Headphones,1,95.0,20/09/2026,AUSTRALIA,Completed
1004,mike@example.com, Keyboard ,1,79.0,04/09/2026,AUSTRALIA,Completed
